id,email
1,cbroomer0@gov.uk
2,syalden1@facebook.com
3,ctomaini2@surveymonkey.com
4,hdowyer3@statcounter.com
5,bholdworth4@elpais.com
6,bdefrancesco5@reference.com
7,mbeakes6@blogger.com
8,htrelease7@spotify.com
9,jjustham8@hud.gov
10,fhumby9@miibeian.gov.cn
11,bfolgera@macromedia.com
12,cyantsurevb@wix.com
13,tkitchasidec@umich.edu
14,pbuckoked@merriam-webster.com
15,hbrimnere@shop-pro.jp
16,umeesonf@is.gd
17,ldeasong@discovery.com
18,mvickh@mapy.cz
19,amendozai@moonfruit.com
20,zgoodsirj@so-net.ne.jp
21,bschusterlk@facebook.com
22,nheadleyl@epa.gov
23,sboshardm@who.int
24,acapinin@creativecommons.org
25,abouzano@unesco.org
26,ccaserop@cloudflare.com
27,zspurdensq@gnu.org
28,spenninir@lycos.com
29,tspeedys@eventbrite.com
30,fklimentyonokt@baidu.com
31,tmonelliu@indiegogo.com
32,ipalphramandv@canalblog.com
33,hthynnw@cpanel.net
34,breiskx@google.fr
35,bschapiroy@quantcast.com
36,jtrenchz@unesco.org
37,nmyhill10@loc.gov
38,ipendleberry11@fotki.com
39,scarvil12@xing.com
40,mhoble13@pbs.org
41,cbowart14@live.com
42,pmuriel15@reverbnation.com
43,cmacias16@hubpages.com
44,ckemmett17@bbb.org
45,eoland18@spotify.com
46,dbulled19@oracle.com
47,gdabinett1a@china.com.cn
48,swadesworth1b@goodreads.com
49,rmitrovic1c@prweb.com
50,wyell1d@dion.ne.jp
51,kscotcher1e@a8.net
52,lcoomber1f@tinyurl.com
53,mnorquay1g@yandex.ru
54,zkidd1h@123-reg.co.uk
55,cmurdy1i@nba.com
56,ssymonds1j@symantec.com
57,eweighell1k@ifeng.com
58,fhearnaman1l@java.com
59,tdoughill1m@gnu.org
60,pmitrikhin1n@tumblr.com
61,tcadore1o@ocn.ne.jp
62,mbarrand1p@indiatimes.com
63,ndurnford1q@ning.com
64,tboncore1r@sourceforge.net
65,bohern1s@si.edu
66,ewoan1t@ow.ly
67,dlanceley1u@altervista.org
68,dbrilleman1v@icq.com
69,wwyson1w@qq.com
70,dweson1x@home.pl
71,acouth1y@weibo.com
72,lmattsson1z@mozilla.org
73,rsyne20@wired.com
74,odeevey21@google.fr
75,ihansen22@diigo.com
76,fhender23@spiegel.de
77,smckag24@netvibes.com
78,egallaccio25@goo.ne.jp
79,tambrosoli26@gov.uk
80,broocroft27@acquirethisname.com
81,vminillo28@microsoft.com
82,hquincee29@phpbb.com
83,ksparrowe2a@lycos.com
84,rmateja2b@mysql.com
85,tmouse2c@reference.com
86,cpeschka2d@cmu.edu
87,edifranceshci2e@addthis.com
88,itaunton2f@paypal.com
89,pchavez2g@histats.com
90,kkeggin2h@phoca.cz
91,pmcculley2i@indiatimes.com
92,nluckman2j@imageshack.us
93,dtrimby2k@slashdot.org
94,paldren2l@buzzfeed.com
95,kvampouille2m@meetup.com
96,dosgood2n@bloomberg.com
97,slittlefair2o@virginia.edu
98,smirrlees2p@tiny.cc
99,jcorain2q@dropbox.com
100,bwestmarland2r@wsj.com
101,smonck2s@theguardian.com
102,bmorl2t@fc2.com
103,jhuckabe2u@jimdo.com
104,mhegarty2v@behance.net
105,jpeploe2w@about.me
106,erogez2x@blogs.com
107,bnorley2y@blogs.com
108,jbuesden2z@woothemes.com
109,gszach30@meetup.com
110,iferry31@adobe.com
111,bsaundercock32@i2i.jp
112,ptedahl33@bbb.org
113,rhorry34@hp.com
114,cbateup35@wufoo.com
115,nhavill36@yellowbook.com
116,kbarringer37@reddit.com
117,ldebellis38@google.de
118,tsyrie39@hhs.gov
119,gmackiewicz3a@dyndns.org
120,knarbett3b@pinterest.com
121,edevlin3c@youku.com
122,oprovest3d@nifty.com
123,jspeck3e@oracle.com
124,kpomroy3f@123-reg.co.uk
125,sgiacoppoli3g@mashable.com
126,jschrinel3h@blogspot.com
127,lgunda3i@wisc.edu
128,ktuckwell3j@free.fr
129,tbartolozzi3k@cafepress.com
130,ohuntriss3l@lycos.com
131,fcherrington3m@pagesperso-orange.fr
132,mwigmore3n@google.com.br
133,rdevon3o@ovh.net
134,gmackett3p@over-blog.com
135,rstredwick3q@simplemachines.org
136,edunkirk3r@skyrock.com
137,wlorenzini3s@yellowbook.com
138,tfardoe3t@hud.gov
139,nhanse3u@cbslocal.com
140,bsimionato3v@ocn.ne.jp
141,kjennions3w@hugedomains.com
142,mbuckeridge3x@npr.org
143,lsooley3y@miibeian.gov.cn
144,ubemrose3z@issuu.com
145,kbelone40@de.vu
146,rtetley41@dell.com
147,lfelmingham42@friendfeed.com
148,mblasik43@un.org
149,aboscott44@yahoo.co.jp
150,dpipping45@plala.or.jp
151,phaynes46@hugedomains.com
152,kstrick47@businessinsider.com
153,cbrigshaw48@nydailynews.com
154,uvallis49@msu.edu
155,jobradain4a@prnewswire.com
156,imccromley4b@symantec.com
157,acarlan4c@bigcartel.com
158,jsenechault4d@aol.com
159,kdurkin4e@eventbrite.com
160,nwilcocke4f@mail.ru
161,blabitt4g@blinklist.com
162,eniles4h@google.pl
163,mlavallin4i@aboutads.info
164,asainteau4j@myspace.com
165,noake4k@ezinearticles.com
166,dburnep4l@bbb.org
167,acoolson4m@indiatimes.com
168,bdykas4n@i2i.jp
169,gphifer4o@pinterest.com
170,jcullotey4p@census.gov
171,fmenchenton4q@archive.org
172,vhobble4r@geocities.jp
173,smacneillie4s@bing.com
174,cdaubeny4t@baidu.com
175,ysteinor4u@discuz.net
176,kcalvey4v@alexa.com
177,jtalby4w@gnu.org
178,ktearney4x@quantcast.com
179,ehalley4y@clickbank.net
180,nogg4z@issuu.com
181,cdellatorre50@vkontakte.ru
182,dpollicott51@nature.com
183,jgammade52@printfriendly.com
184,vcornes53@ftc.gov
185,vbearcock54@tamu.edu
186,kabramow55@amazon.de
187,lomullan56@smh.com.au
188,hmccambrois57@nps.gov
189,rbushell58@dropbox.com
190,pglassard59@ebay.com
191,drosenthaler5a@ebay.co.uk
192,gtyght5b@pen.io
193,ncater5c@vistaprint.com
194,hsuston5d@whitehouse.gov
195,kblondelle5e@surveymonkey.com
196,jruggieri5f@spiegel.de
197,ltubb5g@accuweather.com
198,vbernardet5h@cdbaby.com
199,syarham5i@hostgator.com
200,lbacher5j@twitter.com
201,kfeakins5k@yelp.com
202,mhinkins5l@census.gov
203,hskingley5m@xing.com
204,eickovicz5n@buzzfeed.com
205,djodrellec5o@npr.org
206,ajumeau5p@vistaprint.com
207,ghuggan5q@amazon.com
208,gmarriage5r@amazonaws.com
209,krois5s@soundcloud.com
210,pmatteucci5t@purevolume.com
211,bfickling5u@sciencedaily.com
212,jnarracott5v@umich.edu
213,depinoy5w@uiuc.edu
214,tpeatt5x@virginia.edu
215,mmcadam5y@usa.gov
216,tdrinkhill5z@jimdo.com
217,lgeertz60@storify.com
218,moldcote61@multiply.com
219,bmcgrayle62@freewebs.com
220,ksifleet63@hugedomains.com
221,cfearnehough64@nytimes.com
222,lspain65@blogtalkradio.com
223,llyness66@last.fm
224,ppersse67@tuttocitta.it
225,dbaker68@examiner.com
226,ldrewell69@hugedomains.com
227,cmourbey6a@tamu.edu
228,nkiezler6b@is.gd
229,brosensaft6c@yelp.com
230,mnethercott6d@ihg.com
231,dtomaszkiewicz6e@icq.com
232,eknapman6f@cdc.gov
233,ebool6g@artisteer.com
234,acreagh6h@cyberchimps.com
235,sonthank6i@gizmodo.com
236,aloving6j@tiny.cc
237,asey6k@jiathis.com
238,gferne6l@nifty.com
239,tskeermer6m@mit.edu
240,rnapthine6n@chron.com
241,pjaqueme6o@free.fr
242,pbaynom6p@cmu.edu
243,acoldbath6q@ebay.co.uk
244,tgrier6r@tamu.edu
245,bfidgin6s@oracle.com
246,tgrouse6t@ftc.gov
247,bfullerlove6u@163.com
248,tkhomin6v@lycos.com
249,pjerg6w@theatlantic.com
250,bchugg6x@smh.com.au
251,ghadlee6y@shareasale.com
252,awebber6z@accuweather.com
253,ppenkethman70@umich.edu
254,gtincknell71@japanpost.jp
255,slocal72@meetup.com
256,lpershouse73@ow.ly
257,ctarry74@opera.com
258,ashillom75@mail.ru
259,apenhalewick76@sphinn.com
260,lrounce77@fastcompany.com
261,vcorbet78@twitpic.com
262,penoksson79@jugem.jp
263,jtilbrook7a@nsw.gov.au
264,eantonellini7b@4shared.com
265,khenrie7c@ycombinator.com
266,agayther7d@soundcloud.com
267,cfippe7e@phpbb.com
268,orayner7f@slideshare.net
269,cpring7g@slate.com
270,pszwarc7h@deliciousdays.com
271,cabbotts7i@merriam-webster.com
272,splet7j@diigo.com
273,uwastall7k@goo.gl
274,imerrgan7l@google.de
275,erive7m@edublogs.org
276,peich7n@bing.com
277,rbenitez7o@cloudflare.com
278,okaes7p@mit.edu
279,aveschambre7q@cocolog-nifty.com
280,dgrzegorzewski7r@redcross.org
281,ccowely7s@nba.com
282,gkitchaside7t@wired.com
283,scrockford7u@geocities.jp
284,akiendl7v@alexa.com
285,lrantoul7w@yale.edu
286,dgoodin7x@economist.com
287,lrepper7y@google.co.jp
288,hlarby7z@oakley.com
289,dharte80@java.com
290,ebirtwhistle81@arstechnica.com
291,rquogan82@nsw.gov.au
292,mhoggan83@vkontakte.ru
293,csandwick84@imageshack.us
294,hmcwhirter85@hao123.com
295,jbranchflower86@macromedia.com
296,tdellatorre87@addthis.com
297,acovino88@techcrunch.com
298,anorman89@xinhuanet.com
299,rpower8a@parallels.com
300,mpickthall8b@patch.com
301,gbleasby8c@earthlink.net
302,ocuseick8d@123-reg.co.uk
303,soscannill8e@ed.gov
304,gmaiden8f@t.co
305,glunt8g@youtube.com
306,hvictor8h@who.int
307,aanwell8i@exblog.jp
308,fwestmoreland8j@goo.ne.jp
309,bkennifeck8k@github.io
310,hfoli8l@nps.gov
311,csimic8m@usgs.gov
312,dcuncliffe8n@wix.com
313,knolda8o@hp.com
314,ogledstane8p@wix.com
315,fcarrier8q@1und1.de
316,cfortesquieu8r@webs.com
317,gmackibbon8s@go.com
318,bpadgham8t@amazon.com
319,ntrineman8u@webmd.com
320,dmurthwaite8v@arizona.edu
321,mcarlyon8w@shop-pro.jp
322,ncheese8x@fc2.com
323,frasmus8y@apache.org
324,rjeskins8z@merriam-webster.com
325,smaddrell90@last.fm
326,jley91@mail.ru
327,dutteridge92@comcast.net
328,dlydiate93@storify.com
329,dfishpoole94@cnbc.com
330,jisles95@reuters.com
331,crafe96@timesonline.co.uk
332,jsagrott97@europa.eu
333,sodonohoe98@ed.gov
334,jkhomishin99@wikia.com
335,nvogelein9a@slashdot.org
336,tlafford9b@ucsd.edu
337,ctureville9c@auda.org.au
338,gconkey9d@ibm.com
339,ejenks9e@themeforest.net
340,krimbault9f@bbc.co.uk
341,sscrancher9g@twitpic.com
342,agrollmann9h@google.co.jp
343,lstimson9i@sbwire.com
344,mbartleet9j@bizjournals.com
345,dwarde9k@oaic.gov.au
346,lnussey9l@so-net.ne.jp
347,fboribal9m@tinyurl.com
348,ddown9n@yellowpages.com
349,dtall9o@ning.com
350,whucknall9p@nsw.gov.au
351,gsinkin9q@usda.gov
352,flacrouts9r@tinyurl.com
353,cyaxley9s@bizjournals.com
354,hmcgeoch9t@squidoo.com
355,mscaife9u@rambler.ru
356,ssmout9v@slate.com
357,mgoathrop9w@xing.com
358,hliptrot9x@so-net.ne.jp
359,gdoherty9y@jugem.jp
360,cemmerson9z@uol.com.br
361,spiella0@ucsd.edu
362,ccaunta1@time.com
363,geckforda2@globo.com
364,swadea3@dmoz.org
365,cbuckthoughta4@boston.com
366,awallworka5@cornell.edu
367,kcaccavellaa6@marketwatch.com
368,aianittia7@networksolutions.com
369,mforsta8@ftc.gov
370,fcaudreliera9@sciencedaily.com
371,jfaichaa@tinypic.com
372,mdoutyab@flickr.com
373,hlangdridgeac@meetup.com
374,rjavesad@digg.com
375,lvernhamae@goodreads.com
376,atumultyaf@woothemes.com
377,fescalaag@lulu.com
378,vleedesah@barnesandnoble.com
379,rcordieai@creativecommons.org
380,dreignouldaj@mysql.com
381,ysikorskyak@ycombinator.com
382,mkearsal@discuz.net
383,rrickertam@mediafire.com
384,cstealeyan@is.gd
385,gridewoodao@bizjournals.com
386,lpicktonap@intel.com
387,pwattsaq@is.gd
388,kkemmonsar@tuttocitta.it
389,tlangabeeras@indiatimes.com
390,clovingat@wiley.com
391,vtuxsellau@behance.net
392,cshrubshallav@de.vu
393,sfinniganaw@tinypic.com
394,ecleaveax@ustream.tv
395,derleyay@accuweather.com
396,hmctavyaz@bbb.org
397,jlebretonb0@360.cn
398,haleswellb1@squidoo.com
399,ekiffb2@prlog.org
400,tcreanb3@hhs.gov
401,rdryburghb4@freewebs.com
402,eheinzb5@wiley.com
403,vdraynb6@ted.com
404,jtabbernorb7@twitpic.com
405,mbemwellb8@narod.ru
406,djervoisb9@who.int
407,lberthonba@businessinsider.com
408,svaldesbb@cargocollective.com
409,mthomannbc@apple.com
410,hfroschauerbd@cornell.edu
411,jharriskinebe@ibm.com
412,tferrarinibf@mayoclinic.com
413,ehellwigbg@angelfire.com
414,ctrowbridgebh@ox.ac.uk
415,hseaversbi@pen.io
416,cseedmanbj@earthlink.net
417,elittleoverbk@disqus.com
418,mwrigglesworthbl@creativecommons.org
419,rwinchcumbm@histats.com
420,csteckingsbn@skype.com
421,cdyersbo@baidu.com
422,dbarwellbp@elpais.com
423,jeudallbq@hp.com
424,rdergesbr@acquirethisname.com
425,mmanbybs@google.ca
426,tshyresbt@illinois.edu
427,bmounfieldbu@spiegel.de
428,fmcdougaldbv@nytimes.com
429,vwenzelbw@upenn.edu
430,havramovskybx@bandcamp.com
431,tfinicjby@t.co
432,etchirbz@dropbox.com
433,mcarabetc0@topsy.com
434,dhanc1@yolasite.com
435,kcunliffec2@topsy.com
436,dhealdc3@usa.gov
437,vjenneyc4@cdbaby.com
438,gapperleyc5@fastcompany.com
439,zgabbatissc6@businesswire.com
440,kgoggenc7@tmall.com
441,mpimblottc8@xinhuanet.com
442,hbibeyc9@hibu.com
443,hnagleca@pinterest.com
444,mchasneycb@wikimedia.org
445,gmcanenycc@theguardian.com
446,pfiddimancd@stumbleupon.com
447,amaceyce@bloomberg.com
448,mscowcraftcf@pen.io
449,cbrewerscg@vkontakte.ru
450,bgerrettch@bandcamp.com
451,gborsici@tmall.com
452,rmardellcj@blogtalkradio.com
453,ykohrsck@ifeng.com
454,fplentycl@chicagotribune.com
455,kkettlestringecm@sciencedirect.com
456,hsyfaxcn@geocities.com
457,vmucilloco@g.co
458,sthickenscp@washington.edu
459,awyrillcq@time.com
460,acrouxcr@amazon.com
461,gbellisoncs@dyndns.org
462,egoraccict@berkeley.edu
463,ufolletcu@acquirethisname.com
464,ddengatecv@unblog.fr
465,ibaseycw@goo.gl
466,vshutercx@dion.ne.jp
467,kgaultcy@google.com
468,kjoseburycz@blogtalkradio.com
469,psugged0@cdc.gov
470,scawsond1@woothemes.com
471,jkinsettd2@intel.com
472,wchasemored3@bbb.org
473,egergherd4@princeton.edu
474,whessentalerd5@illinois.edu
475,cterbruggend6@odnoklassniki.ru
476,ocottled7@statcounter.com
477,bdumphryd8@yelp.com
478,mkunzlerd9@youtube.com
479,dyallopda@cam.ac.uk
480,emcmeartydb@cnn.com
481,fgraviedc@ebay.co.uk
482,bhigginbottamdd@icio.us
483,ddolemande@mediafire.com
484,paldhousedf@homestead.com
485,ccarabinedg@clickbank.net
486,pdenverdh@cdc.gov
487,gleaburndi@rakuten.co.jp
488,bmaslendj@prweb.com
489,htreffreydk@devhub.com
490,sbreslanedl@stumbleupon.com
491,pgibbiesondm@sina.com.cn
492,shutchensdn@desdev.cn
493,cschmuhldo@wordpress.com
494,atawtondp@timesonline.co.uk
495,msilcockdq@tripod.com
496,wthomersondr@princeton.edu
497,cteffreyds@jugem.jp
498,rclowneydt@jugem.jp
499,llevidu@google.com.br
500,mtrotterdv@devhub.com
501,alamborndw@yellowbook.com
502,hhachedx@dot.gov
503,vbedberrydy@vk.com
504,sburlingamedz@163.com
505,asharplee0@acquirethisname.com
506,nlavistee1@admin.ch
507,smaidese2@spotify.com
508,rshillingforde3@blog.com
509,egillyette4@walmart.com
510,dbattiee5@earthlink.net
511,chaddestone6@mozilla.org
512,terrichellie7@cpanel.net
513,bgimblette8@boston.com
514,kgaskine9@ask.com
515,mrichfieldea@ucla.edu
516,dmacfadineb@photobucket.com
517,tjossumec@unicef.org
518,tmckayed@simplemachines.org
519,rdillintonee@bbc.co.uk
520,mmarchantef@example.com
521,sbrayeg@illinois.edu
522,hwharmbyeh@wiley.com
523,tgulkei@naver.com
524,nklicherej@goo.gl
525,mpeepallek@digg.com
526,dmaudsonel@google.fr
527,cmarteletem@plala.or.jp
528,deliasen@usa.gov
529,wgeffeeo@hao123.com
530,myardleyep@xing.com
531,rhedderlyeq@shop-pro.jp
532,dalcocker@dyndns.org
533,lcharrissones@cmu.edu
534,bhurndallet@google.co.uk
535,mtomasonieu@cbsnews.com
536,qtriggelev@adobe.com
537,rcuphusew@wiley.com
538,jwellmanex@flickr.com
539,hrobshawey@businessinsider.com
540,fcharlotez@unesco.org
541,nmanderf0@house.gov
542,mspeakf1@baidu.com
543,bgaythwaitef2@is.gd
544,gkindreadf3@studiopress.com
545,rguillainf4@edublogs.org
546,bpetkovicf5@deviantart.com
547,ddooneyf6@blogs.com
548,rmcmurrughf7@goo.ne.jp
549,tvideneevf8@sciencedaily.com
550,ltoulchf9@answers.com
551,jmorseyfa@rakuten.co.jp
552,nwhelanfb@samsung.com
553,jstegelfc@cnet.com
554,acoulbeckfd@fema.gov
555,nyushkinfe@google.fr
556,bcrucittiff@ovh.net
557,bbramichfg@e-recht24.de
558,mlukeschfh@topsy.com
559,omulqueenyfi@jiathis.com
560,tsayesfj@moonfruit.com
561,nmatuskafk@guardian.co.uk
562,tdomangefl@smugmug.com
563,cdollimorefm@answers.com
564,lcondliffefn@pbs.org
565,lboulefo@wikimedia.org
566,wtarbertfp@pen.io
567,diveaghfq@buzzfeed.com
568,kshacklefr@springer.com
569,klayburnfs@phoca.cz
570,arummingft@stumbleupon.com
571,zorwinfu@wufoo.com
572,lkilbyfv@gravatar.com
573,tbrunningfw@paypal.com
574,sloudwellfx@hud.gov
575,mwaitefy@alibaba.com
576,ataintonfz@hud.gov
577,lcasoneg0@barnesandnoble.com
578,rvanderbeekg1@wordpress.com
579,elinnittg2@diigo.com
580,charking3@youtu.be
581,ghollymang4@edublogs.org
582,akohnekeg5@oakley.com
583,aswyerg6@ycombinator.com
584,mswiggsg7@free.fr
585,fplascottg8@slideshare.net
586,lpethrickg9@chicagotribune.com
587,thellwingga@qq.com
588,rvignalgb@oaic.gov.au
589,sharremagc@google.pl
590,nflemminggd@go.com
591,daddionisioge@hhs.gov
592,htindleygf@globo.com
593,skenforthgg@flickr.com
594,asmythingh@oakley.com
595,hbalfourgi@cdbaby.com
596,jantoniogj@creativecommons.org
597,qearlygk@vimeo.com
598,lberensgl@posterous.com
599,amurcottgm@sciencedirect.com
600,rpomfreygn@java.com
601,akeirgo@ca.gov
602,monolandgp@howstuffworks.com
603,ekruggq@mayoclinic.com
604,wcutforthgr@so-net.ne.jp
605,loflynngs@netscape.com
606,kdevonshiregt@state.gov
607,edarraghgu@mtv.com
608,utapleygv@nymag.com
609,lpalffreygw@tmall.com
610,wperrigogx@usnews.com
611,caindriugy@devhub.com
612,dcristofvaogz@columbia.edu
613,tbaudinoth0@google.nl
614,gcadanyh1@rediff.com
615,aaimh2@toplist.cz
616,htitleyh3@mac.com
617,uovertonh4@oakley.com
618,rwheelbandh5@scientificamerican.com
619,psorroh6@weebly.com
620,wmcconvilleh7@squidoo.com
621,ncowlh8@nasa.gov
622,cmageeh9@devhub.com
623,ybryantha@barnesandnoble.com
624,hfennellyhb@gov.uk
625,phannanthc@hexun.com
626,qbowserhd@wsj.com
627,gpetrollihe@upenn.edu
628,fzaplehf@salon.com
629,ybaxterhg@pagesperso-orange.fr
630,waddekinhh@vimeo.com
631,dmaskelynehi@wikispaces.com
632,cskalahj@angelfire.com
633,scraigghk@prnewswire.com
634,plinchhl@woothemes.com
635,phugninhm@psu.edu
636,rvallishn@symantec.com
637,mmatusevichho@ameblo.jp
638,wtreacherhp@booking.com
639,dousbiehq@kickstarter.com
640,abanvillehr@answers.com
641,gbelzhs@newsvine.com
642,iedginht@cloudflare.com
643,lscrinagehu@friendfeed.com
644,iboyackhv@tripod.com
645,zrollitthw@squarespace.com
646,mhazeltinehx@so-net.ne.jp
647,ediruggerohy@china.com.cn
648,shugkhz@engadget.com
649,ldeblasioi0@paginegialle.it
650,cperrymani1@hao123.com
651,sbourkei2@statcounter.com
652,mklimenti3@si.edu
653,pbarlacei4@pinterest.com
654,sberzeni5@elpais.com
655,ccoltarti6@google.it
656,esancrofti7@usgs.gov
657,vgrigorievi8@mapy.cz
658,bpiddicki9@tinyurl.com
659,sgingelia@prnewswire.com
660,tcoxenib@aboutads.info
661,cthomeic@sciencedirect.com
662,jlownesid@bizjournals.com
663,scookie@tinyurl.com
664,dwhistanif@reference.com
665,elickessig@cnn.com
666,nbalaisonih@newsvine.com
667,cmuncerii@g.co
668,kmoultonij@upenn.edu
669,mwilbrahamik@spotify.com
670,breddlesdenil@smugmug.com
671,aalleryim@mlb.com
672,hmogganin@tuttocitta.it
673,adibatistaio@google.com.au
674,emeraliip@soup.io
675,jgerreltiq@lulu.com
676,jcruessir@mayoclinic.com
677,fphythienis@microsoft.com
678,gacremanit@state.tx.us
679,bkerstingiu@apache.org
680,bgoodwelliv@hostgator.com
681,mkeganiw@sciencedirect.com
682,olugdenix@tinyurl.com
683,pwedgbrowiy@accuweather.com
684,ntrevithickiz@google.com
685,fmackailej0@prlog.org
686,nleemanj1@google.co.uk
687,bklimschj2@wired.com
688,mparletj3@abc.net.au
689,jlibbeyj4@scientificamerican.com
690,earchboldj5@jugem.jp
691,stythertonj6@xinhuanet.com
692,dcreeganj7@networksolutions.com
693,tkorejsj8@google.ca
694,ltrodlerj9@ox.ac.uk
695,wdorotja@newyorker.com
696,bdoctorjb@yelp.com
697,joswaljc@sakura.ne.jp
698,asalisburyjd@businesswire.com
699,ssutheranje@sohu.com
700,drubiejf@army.mil
701,rbeamentjg@sciencedaily.com
702,bpiccopjh@cnbc.com
703,cbeininckji@wikimedia.org
704,fneillyjj@goo.ne.jp
705,bfominovjk@wsj.com
706,mmattheeuwjl@phpbb.com
707,gwilmanjm@dedecms.com
708,jainleyjn@home.pl
709,gcrolejo@va.gov
710,pharwelljp@loc.gov
711,ngosneyejq@nasa.gov
712,elacroutsjr@stanford.edu
713,zkeavesjs@shop-pro.jp
714,ahandfordjt@vkontakte.ru
715,pwilkowskiju@sakura.ne.jp
716,bsansumjv@tinypic.com
717,ucastanjw@businessweek.com
718,agrumelljx@cpanel.net
719,cvanoordjy@twitpic.com
720,bsiegejz@statcounter.com
721,mwhalesk0@amazonaws.com
722,bbowmakerk1@histats.com
723,kbaggalleyk2@ox.ac.uk
724,hpinsonk3@nasa.gov
725,slawleffk4@businessweek.com
726,wfendtk5@dyndns.org
727,ccallumk6@reuters.com
728,dcorcorank7@zdnet.com
729,ffoyk8@nymag.com
730,jdenorek9@delicious.com
731,emcsarryka@mit.edu
732,gventamkb@booking.com
733,yfaveryearkc@xrea.com
734,brablinkd@artisteer.com
735,ohottonke@newsvine.com
736,carnaldokf@aboutads.info
737,syarnallkg@technorati.com
738,swegnerkh@geocities.com
739,cjanochki@xrea.com
740,mklessekj@cnbc.com
741,ovakhrushinkk@live.com
742,alillymankl@nih.gov
743,ccriagkm@army.mil
744,alenevekn@miitbeian.gov.cn
745,pturlko@globo.com
746,kmicallefkp@csmonitor.com
747,mgurtonkq@xrea.com
748,brutleykr@blogtalkradio.com
749,adoddridgeks@salon.com
750,dbranchettkt@reference.com
751,raleshintsevku@stanford.edu
752,rlythgoekv@ucoz.ru
753,fmuttockkw@youku.com
754,aengleykx@1688.com
755,kphettiplaceky@livejournal.com
756,sturlkz@stumbleupon.com
757,hpalethorpel0@europa.eu
758,cfolletl1@trellian.com
759,bgoodissonl2@ycombinator.com
760,rwickensl3@nifty.com
761,jschulkinsl4@google.com.au
762,sgaylordl5@oaic.gov.au
763,gmcmackinl6@springer.com
764,dcharlonl7@usda.gov
765,wlambelll8@dagondesign.com
766,abrasl9@unblog.fr
767,mpiburnla@typepad.com
768,cleberlb@utexas.edu
769,jiacabuccilc@flickr.com
770,zpleumanld@ow.ly
771,cgrealeyle@nytimes.com
772,ecrewtherlf@amazonaws.com
773,zcoulbecklg@mozilla.org
774,rjagolh@over-blog.com
775,schilverli@weibo.com
776,jvidgeonlj@typepad.com
777,gmundowlk@go.com
778,amoriganll@marriott.com
779,edayerlm@microsoft.com
780,egouldthorpln@icq.com
781,vsealo@ebay.co.uk
782,aquantrelllp@privacy.gov.au
783,bmurrilllq@yellowbook.com
784,fanespielr@google.com.hk
785,tkendrickls@vistaprint.com
786,kcrustlt@epa.gov
787,nmurielu@washingtonpost.com
788,slindstedtlv@who.int
789,nrankinglw@toplist.cz
790,ngaddlx@state.gov
791,zmellsoply@uiuc.edu
792,weslemontlz@ebay.com
793,dgrinnellm0@hao123.com
794,cchafferm1@bluehost.com
795,boughtrightm2@wordpress.org
796,djeaffresonm3@sina.com.cn
797,lleamym4@toplist.cz
798,umcgreilm5@dropbox.com
799,gschurickem6@quantcast.com
800,hduchantm7@friendfeed.com
801,adenisom8@bandcamp.com
802,pnoyesm9@va.gov
803,tromanellima@virginia.edu
804,jpyvismb@irs.gov
805,mpellingmc@webmd.com
806,wgalileemd@goo.ne.jp
807,cmccalumme@hp.com
808,gsugarsmf@uol.com.br
809,cgrievesonmg@google.co.jp
810,ascortonmh@liveinternet.ru
811,bhurichmi@abc.net.au
812,ppaffittmj@economist.com
813,bmatthesiusmk@paginegialle.it
814,lhamonml@mapy.cz
815,amillyardmm@tamu.edu
816,ecutajarmn@japanpost.jp
817,sropertmo@businessinsider.com
818,couldredmp@google.co.uk
819,rroystemq@independent.co.uk
820,golennachainmr@webeden.co.uk
821,flanbertonims@youtube.com
822,cudellmt@theguardian.com
823,csegoemu@miibeian.gov.cn
824,kanfreymv@economist.com
825,brichardssonmw@springer.com
826,sharrapmx@alibaba.com
827,wjacobssonmy@nymag.com
828,fpurplemz@bandcamp.com
829,dclaren0@prlog.org
830,ldenyern1@themeforest.net
831,vgoodmann2@google.com.hk
832,khumbertn3@usa.gov
833,jboordn4@pbs.org
834,cshipwayn5@devhub.com
835,nkiddien6@usa.gov
836,wloudern7@weather.com
837,amccallistern8@blogger.com
838,bbavinn9@tripadvisor.com
839,atitherna@webmd.com
840,sdemeyernb@ebay.co.uk
841,dhedgecocknc@mashable.com
842,ajoinernd@yolasite.com
843,fdimariane@msn.com
844,chendriknf@toplist.cz
845,vackrillng@is.gd
846,rwildgoosenh@marketwatch.com
847,npetricekni@xing.com
848,bkeeneynj@flickr.com
849,cskelchernk@mapy.cz
850,hantonoyevnl@alibaba.com
851,mrogeznm@bigcartel.com
852,rhewinsnn@newsvine.com
853,caylmerno@plala.or.jp
854,bamysnp@soundcloud.com
855,cjillittnq@trellian.com
856,jislandnr@prnewswire.com
857,ejakawayns@mozilla.org
858,ijiment@addtoany.com
859,lgowansonnu@opensource.org
860,lattewillnv@hp.com
861,mmarkosnw@msu.edu
862,cjankunx@weibo.com
863,nnobbsny@eventbrite.com
864,lhuyhtonnz@phoca.cz
865,arebichono0@hubpages.com
866,rpatiseo1@yahoo.co.jp
867,mmardallo2@engadget.com
868,ndedmano3@exblog.jp
869,npollo4@uol.com.br
870,lcominio5@columbia.edu
871,idefondo6@aol.com
872,tbeeseyo7@stumbleupon.com
873,jniaso8@cisco.com
874,oodonohueo9@ihg.com
875,jabelevitzoa@ucla.edu
876,cleclercqob@cargocollective.com
877,gferonetoc@ihg.com
878,fdainesod@google.co.jp
879,kbenoe@zdnet.com
880,hbaszkiewiczof@nasa.gov
881,lcrowneog@psu.edu
882,tmiramsoh@blogspot.com
883,lchadneyoi@yolasite.com
884,cswadlingeoj@goo.gl
885,cshillanok@businessinsider.com
886,pglossupol@plala.or.jp
887,omccarleom@spiegel.de
888,agladhillon@mlb.com
889,lpennioo@sphinn.com
890,eplaunchop@usa.gov
891,ckilvingtonoq@bbb.org
892,kcoffeeor@uiuc.edu
893,esimoos@amazon.co.jp
894,ovanderveldeot@wordpress.com
895,spalferyou@surveymonkey.com
896,fhartilov@washingtonpost.com
897,iclemmensow@topsy.com
898,gwinyardox@wix.com
899,hmanclarkoy@angelfire.com
900,acoppledikeoz@wix.com
901,mkunzep0@china.com.cn
902,kashfullp1@domainmarket.com
903,wwainmanp2@apache.org
904,sdavydkovp3@home.pl
905,cpygottp4@auda.org.au
906,dvassarp5@last.fm
907,atuttiettp6@4shared.com
908,makessp7@macromedia.com
909,trizzardip8@canalblog.com
910,lhechlinp9@nasa.gov
911,darendtpa@so-net.ne.jp
912,akernoghanpb@utexas.edu
913,dmosenpc@webs.com
914,rdeavespd@canalblog.com
915,yfeverpe@sphinn.com
916,acopnellpf@technorati.com
917,upechtpg@blinklist.com
918,nbeavenph@economist.com
919,echishullpi@independent.co.uk
920,hkonertpj@techcrunch.com
921,ctregustpk@shinystat.com
922,zbrewittpl@tripadvisor.com
923,rwynrahamepm@ed.gov
924,ibrinicombepn@ebay.com
925,mosbornpo@t-online.de
926,dmursellpp@yale.edu
927,pmaccambridgepq@un.org
928,ksimonaitispr@pbs.org
929,ccheyneyps@newyorker.com
930,mgilkespt@ocn.ne.jp
931,kcoffeypu@reuters.com
932,rsleightholmpv@yahoo.co.jp
933,jbentsenpw@sciencedirect.com
934,tvowdonpx@phpbb.com
935,hscollanpy@twitter.com
936,idiegopz@discuz.net
937,ccolquiteq0@ifeng.com
938,jdhillonq1@ustream.tv
939,agartellq2@1688.com
940,ycahnq3@w3.org
941,kdoniq4@shop-pro.jp
942,bklimasq5@posterous.com
943,cjenckesq6@simplemachines.org
944,acoochq7@comsenz.com
945,gdippleq8@miibeian.gov.cn
946,sgrolmannq9@dell.com
947,zlyngstedqa@bizjournals.com
948,mabsolomqb@elegantthemes.com
949,cwarsapqc@webs.com
950,mtunnadineqd@arstechnica.com
951,aprintqe@amazon.co.uk
952,afidelusqf@wordpress.org
953,blahrsqg@uol.com.br
954,deckelsqh@macromedia.com
955,rffoulkesqi@drupal.org
956,tgillsonqj@shareasale.com
957,pwonfarqk@hc360.com
958,pneathwayql@networkadvertising.org
959,ocrixqm@instagram.com
960,ascolesqn@cdc.gov
961,jflitcroftqo@marketwatch.com
962,llegenqp@blinklist.com
963,cbernardinqq@pbs.org
964,chaythornthwaiteqr@samsung.com
965,aolandaqs@newyorker.com
966,mgreberqt@hibu.com
967,cwishkarqu@last.fm
968,khowchinqv@oakley.com
969,fgrolmannqw@sourceforge.net
970,wisabellqx@squarespace.com
971,ceykelqy@theguardian.com
972,pissacofqz@bbc.co.uk
973,rovenellr0@prnewswire.com
974,smorriesonr1@amazon.de
975,bhaywardr2@miibeian.gov.cn
976,lrockeyr3@taobao.com
977,schippindallr4@oaic.gov.au
978,tharmonr5@adobe.com
979,pbateyr6@hubpages.com
980,lmccullockr7@imgur.com
981,hlauritzenr8@free.fr
982,mcordr9@creativecommons.org
983,lmcasparanra@indiegogo.com
984,aarsmithrb@chron.com
985,rkelkrc@tmall.com
986,lhaskeyrd@pbs.org
987,kionnidisre@wikia.com
988,mbamseyrf@illinois.edu
989,cbothwellrg@artisteer.com
990,iforryanrh@webmd.com
991,memmettri@spiegel.de
992,rhofnerrj@oakley.com
993,gnapolitanork@163.com
994,jcockarillrl@flickr.com
995,lscutchingsrm@myspace.com
996,amarquissrn@qq.com
997,briccardiro@cbsnews.com
998,jbibbyrp@ca.gov
999,tjoubertrq@hhs.gov
1000,edaviddirr@fotki.com